calendar_date,daily_test_passed_sum,daily_test_failed_sum,daily_test_error_sum,daily_test_skipped_sum,daily_execution_time_mean,daily_records_processed_mean,daily_records_failed_sum,daily_has_violations_sum,daily_violation_count_sum,daily_metric_duplicate_count_sum,daily_metric_has_duplicates_sum,daily_metric_unallocated_records_mean,daily_metric_number_of_medical_units_mean,daily_metric_sensitive_flag_mean,daily_metric_curr_tbl_count_sum,daily_metric_prev_tbl_count_sum,daily_metric_count_diff_sum,daily_metric_hash_mismatch_mean,daily_metric_count_added_sum,daily_metric_count_removed_sum,daily_metric_count_moved_sum,daily_metric_broken_fk_count_sum,daily_metric_completeness_ratio_mean,daily_metric_completeness_ratio_max,daily_metric_completeness_ratio_min,daily_metric_is_complete_mean,daily_metric_misallocated_records_mean,daily_metric_curr_alloc_count_sum,daily_metric_prev_alloc_count_sum,daily_metric_alloc_diff_mean,daily_metric_count_person_id_sum,daily_metric_count_distinct_person_id_sum,daily_metric_curr_col_count_sum,daily_metric_prev_col_count_sum,daily_metric_column_diff_mean,daily_year_mean,daily_month_mean,daily_day_mean,daily_dayofweek_mean,daily_dayofyear_mean,daily_week_mean,daily_quarter_mean,daily_month_sin_mean,daily_month_cos_mean,daily_dayofweek_sin_mean,daily_dayofweek_cos_mean,daily_is_weekend_mean,daily_is_month_start_mean,daily_is_month_end_mean,daily_is_quarter_start_mean,daily_is_quarter_end_mean,daily_is_passed_sum,daily_is_failed_sum,daily_is_error_mean,daily_is_skipped_mean,daily_UNIQUENESS_passed_sum,daily_UNIQUENESS_failed_sum,daily_UNIQUENESS_error_mean,daily_ALLOCATION_passed_sum,daily_ALLOCATION_failed_sum,daily_ALLOCATION_error_mean,daily_PRIVACY_passed_sum,daily_PRIVACY_failed_sum,daily_PRIVACY_error_mean,daily_SCHEMA_passed_sum,daily_SCHEMA_failed_sum,daily_SCHEMA_error_mean,daily_REFERENTIAL_INTEGRITY_passed_sum,daily_REFERENTIAL_INTEGRITY_failed_sum,daily_REFERENTIAL_INTEGRITY_error_mean,daily_COMPLETENESS_passed_sum,daily_COMPLETENESS_failed_sum,daily_COMPLETENESS_error_mean,daily_PERSON_passed_sum,daily_PERSON_failed_sum,daily_PERSON_error_mean,daily_status_consistent_with_results_mean,daily_has_no_violations_sum,daily_allocation_passed_clean_mean,daily_uniqueness_passed_clean_mean,daily_status_consistent_mean,daily_clean_result_consistent_mean,daily_status_inconsistent_mean,daily_has_source_database_sum,daily_has_source_table_sum,daily_has_source_column_sum,daily_has_source_object_level_sum,daily_has_target_database_sum,daily_has_target_table_sum,daily_has_target_column_sum,daily_has_target_object_level_sum,daily_has_source_object_sum,daily_has_target_object_sum,daily_is_schema_test_mean,daily_is_allocation_test_mean,daily_is_uniqueness_test_mean,daily_requires_source_target_mean,daily_requires_source_only_mean,daily_is_high_severity_mean,daily_is_medium_severity_mean,daily_is_low_severity_mean,daily_is_no_violations_mean,daily_severity_weight_mean,daily_UNIQUENESS_high_severity_mean,daily_UNIQUENESS_medium_severity_mean,daily_UNIQUENESS_low_severity_mean,daily_ALLOCATION_high_severity_mean,daily_ALLOCATION_medium_severity_mean,daily_ALLOCATION_low_severity_mean,daily_PRIVACY_high_severity_mean,daily_PRIVACY_medium_severity_mean,daily_PRIVACY_low_severity_mean,daily_SCHEMA_high_severity_mean,daily_SCHEMA_medium_severity_mean,daily_SCHEMA_low_severity_mean,daily_REFERENTIAL_INTEGRITY_high_severity_mean,daily_REFERENTIAL_INTEGRITY_medium_severity_mean,daily_REFERENTIAL_INTEGRITY_low_severity_mean,daily_COMPLETENESS_high_severity_mean,daily_COMPLETENESS_medium_severity_mean,daily_COMPLETENESS_low_severity_mean,daily_PERSON_high_severity_mean,daily_PERSON_medium_severity_mean,daily_PERSON_low_severity_mean,daily_execution_time_per_record_mean,daily_failure_rate_mean,daily_failure_rate_max,daily_failure_rate_min,daily_has_source_and_target_sum,daily_complexity_score_mean,daily_complexity_score_max,daily_complexity_score_min,daily_UNIQUENESS_passed_rate_mean,daily_UNIQUENESS_passed_rate_max,daily_UNIQUENESS_passed_rate_min,daily_UNIQUENESS_failed_rate_mean,daily_UNIQUENESS_failed_rate_max,daily_UNIQUENESS_failed_rate_min,daily_ALLOCATION_passed_rate_mean,daily_ALLOCATION_passed_rate_max,daily_ALLOCATION_passed_rate_min,daily_ALLOCATION_failed_rate_mean,daily_ALLOCATION_failed_rate_max,daily_ALLOCATION_failed_rate_min,daily_PRIVACY_passed_rate_mean,daily_PRIVACY_passed_rate_max,daily_PRIVACY_passed_rate_min,daily_PRIVACY_failed_rate_mean,daily_PRIVACY_failed_rate_max,daily_PRIVACY_failed_rate_min,daily_SCHEMA_passed_rate_mean,daily_SCHEMA_passed_rate_max,daily_SCHEMA_passed_rate_min,daily_SCHEMA_failed_rate_mean,daily_SCHEMA_failed_rate_max,daily_SCHEMA_failed_rate_min,daily_REFERENTIAL_INTEGRITY_passed_rate_mean,daily_REFERENTIAL_INTEGRITY_passed_rate_max,daily_REFERENTIAL_INTEGRITY_passed_rate_min,daily_REFERENTIAL_INTEGRITY_failed_rate_mean,daily_REFERENTIAL_INTEGRITY_failed_rate_max,daily_REFERENTIAL_INTEGRITY_failed_rate_min,daily_COMPLETENESS_passed_rate_mean,daily_COMPLETENESS_passed_rate_max,daily_COMPLETENESS_passed_rate_min,daily_COMPLETENESS_failed_rate_mean,daily_COMPLETENESS_failed_rate_max,daily_COMPLETENESS_failed_rate_min,daily_PERSON_passed_rate_mean,daily_PERSON_passed_rate_max,daily_PERSON_passed_rate_min,daily_PERSON_failed_rate_mean,daily_PERSON_failed_rate_max,daily_PERSON_failed_rate_min,daily_violations_with_source_mean,daily_violations_with_target_mean,daily_violations_with_both_mean,daily_high_severity_performance_impact_mean,daily_violation_count_performance_impact_sum,daily_test_passed_sum_mean,daily_test_failed_sum_mean,daily_test_error_sum_mean,daily_has_violations_sum_sum,daily_violation_count_sum_sum,daily_execution_time_mean_mean,daily_execution_time_sum_mean,daily_records_processed_sum_mean,daily_test_passed_sum_monthly_mean,daily_test_failed_sum_monthly_mean,daily_test_error_sum_monthly_mean,daily_has_violations_sum_monthly_sum,daily_violation_count_sum_monthly_sum,daily_execution_time_mean_monthly_mean,daily_execution_time_sum_monthly_mean,daily_records_processed_sum_monthly_mean,daily_ALLOCATION_count,daily_COMPLETENESS_count,daily_PERSON_count,daily_PRIVACY_count,daily_REFERENTIAL_INTEGRITY_count,daily_SCHEMA_count,daily_UNIQUENESS_count,daily_total_tests,execution_time_mean,execution_time_sum,records_processed_sum,DQ_SCORE,TRUST_SCORE,passed_tests,failed_tests,total_tests,pass_rate,fail_rate,error_rate,error_tests,skipped_tests,DQ_SCORE_CATEGORY,TRUST_SCORE_CATEGORY,DQ_SCORE_lag_1d,DQ_SCORE_change_1d,DQ_SCORE_pct_change_1d,DQ_SCORE_lag_3d,DQ_SCORE_change_3d,DQ_SCORE_pct_change_3d,DQ_SCORE_lag_7d,DQ_SCORE_change_7d,DQ_SCORE_pct_change_7d,DQ_SCORE_lag_14d,DQ_SCORE_change_14d,DQ_SCORE_pct_change_14d,DQ_SCORE_lag_30d,DQ_SCORE_change_30d,DQ_SCORE_pct_change_30d,TRUST_SCORE_lag_1d,TRUST_SCORE_change_1d,TRUST_SCORE_pct_change_1d,TRUST_SCORE_lag_3d,TRUST_SCORE_change_3d,TRUST_SCORE_pct_change_3d,TRUST_SCORE_lag_7d,TRUST_SCORE_change_7d,TRUST_SCORE_pct_change_7d,TRUST_SCORE_lag_14d,TRUST_SCORE_change_14d,TRUST_SCORE_pct_change_14d,TRUST_SCORE_lag_30d,TRUST_SCORE_change_30d,TRUST_SCORE_pct_change_30d,DQ_SCORE_rolling_mean_7d,DQ_SCORE_rolling_std_7d,DQ_SCORE_rolling_min_7d,DQ_SCORE_rolling_max_7d,DQ_SCORE_rolling_trend_7d,DQ_SCORE_rolling_mean_14d,DQ_SCORE_rolling_std_14d,DQ_SCORE_rolling_min_14d,DQ_SCORE_rolling_max_14d,DQ_SCORE_rolling_trend_14d,DQ_SCORE_rolling_mean_30d,DQ_SCORE_rolling_std_30d,DQ_SCORE_rolling_min_30d,DQ_SCORE_rolling_max_30d,DQ_SCORE_rolling_trend_30d,TRUST_SCORE_rolling_mean_7d,TRUST_SCORE_rolling_std_7d,TRUST_SCORE_rolling_min_7d,TRUST_SCORE_rolling_max_7d,TRUST_SCORE_rolling_trend_7d,TRUST_SCORE_rolling_mean_14d,TRUST_SCORE_rolling_std_14d,TRUST_SCORE_rolling_min_14d,TRUST_SCORE_rolling_max_14d,TRUST_SCORE_rolling_trend_14d,TRUST_SCORE_rolling_mean_30d,TRUST_SCORE_rolling_std_30d,TRUST_SCORE_rolling_min_30d,TRUST_SCORE_rolling_max_30d,TRUST_SCORE_rolling_trend_30d,DQ_SCORE_momentum_7d,DQ_SCORE_momentum_14d,TRUST_SCORE_momentum_7d,TRUST_SCORE_momentum_14d,DQ_SCORE_volatility_7d,DQ_SCORE_volatility_14d,TRUST_SCORE_volatility_7d,TRUST_SCORE_volatility_14d
2025-10-03,201,27,0,0,0.0,0.0,0,27,27,0.0,0.0,978647.8552631579,33.666666666666664,0.0,0.0,0.0,0.0,0.0,0.0,0.0,0.0,0.0,0.0,0.0,0.0,0.0,0.0,0.0,0.0,0.0,0.0,0.0,0.0,0.0,0.0,2025.0,10.0,3.0,4.0,276.0,40.0,4.0,-0.8660254037844386,0.5000000000000001,-0.433883739117558,-0.9009688679024191,0.0,0.0,0.0,0.0,0.0,201,27,0.0,0.0,0,0,0.0,102,27,0.0,99,0,0.0,0,0,0.0,0,0,0.0,0,0,0.0,0,0,0.0,1.0,0,0.0,0.0,0.0,0.0,1.0,228,228,96,228,228,228,0,228,228,228,0.0,0.0,0.0,0.0,0.0,1.0,0.0,0.0,0.0,3.0,0.0,0.0,0.0,0.5657894736842105,0.0,0.0,0.4342105263157895,0.0,0.0,0.0,0.0,0.0,0.0,0.0,0.0,0.0,0.0,0.0,0.0,0.0,0.0,0.0,0.0,0.0,0.0,228,4.118421052631579,5,4,0.0,0.0,0.0,0.0,0.0,0.0,0.4473684210526316,1.0,0.0,0.11842105263157894,0.6,0.0,0.4342105263157895,1.0,0.0,0.0,0.0,0.0,0.0,0.0,0.0,0.0,0.0,0.0,0.0,0.0,0.0,0.0,0.0,0.0,0.0,0.0,0.0,0.0,0.0,0.0,0.0,0.0,0.0,0.0,0.0,0.0,0.11842105263157894,0.11842105263157894,0.11842105263157894,0.0,0.0,0.0,0.0,0.0,0.0,0.0,0.0,0.0,0.0,0.0,0.0,0.0,0.0,0.0,0.0,0.0,0.0,129,0,0,99,0,0,0,228,0.0,0,0,0.881578947368421,0.8816,201,27,228,0.881578947368421,0.11842105263157894,0.0,0,0,ACCEPTABLE,GOOD_TRUST,0.881578947368421,0.0,0.0,0.881578947368421,-0.06729323308270674,-0.07633262260127927,0.881578947368421,-0.3743325705568268,-0.4246160501838633,0.881578947368421,-0.13157894736842102,-0.14925373134328357,0.0,0.0,0.0,0.8816,0.0,0.0,0.8816,-0.06730000000000003,-0.07633847549909256,0.8816,-0.2783000000000001,-0.31567604355716883,0.8816,-0.17890000000000006,-0.20292649727767698,0.0,0.0,0.0,0.7501807660869401,0.20480211091187725,0.3119266055045872,0.881578947368421,-0.06546123030357454,0.7685983128555012,0.1957117335515193,0.3119266055045872,1.0,0.04915869649029325,0.0,0.0,0.0,0.0,0.0,0.7463714285714287,0.20416226156569448,0.3119,0.8816,-0.07317142857142866,0.7763642857142857,0.18751743962851872,0.3119,1.0,0.032235714285714256,0.0,0.0,0.0,0.0,0.0,-0.4246160501838633,-0.14925373134328357,-0.31567604355716883,-0.20292649727767698,0.20480211091187725,0.1957117335515193,0.20416226156569448,0.18751743962851872
2025-10-04,67,9,0,0,0.0,0.0,0,9,9,0.0,0.0,2783577.4342105263,48.38157894736842,0.0,0.0,0.0,0.0,0.0,0.0,0.0,0.0,0.0,0.0,0.0,0.0,0.0,0.0,0.0,0.0,0.0,0.0,0.0,0.0,0.0,0.0,2025.0,10.0,4.0,5.0,277.0,40.0,4.0,-0.8660254037844386,0.5000000000000001,-0.9749279121818235,-0.22252093395631456,1.0,0.0,0.0,0.0,0.0,67,9,0.0,0.0,0,0,0.0,34,9,0.0,33,0,0.0,0,0,0.0,0,0,0.0,0,0,0.0,0,0,0.0,1.0,0,0.0,0.0,0.0,0.0,1.0,76,76,32,76,76,76,0,76,76,76,0.0,0.0,0.0,0.0,0.0,1.0,0.0,0.0,0.0,3.0,0.0,0.0,0.0,0.5657894736842105,0.0,0.0,0.4342105263157895,0.0,0.0,0.0,0.0,0.0,0.0,0.0,0.0,0.0,0.0,0.0,0.0,0.0,0.0,0.0,0.0,0.0,0.0,76,4.118421052631579,5,4,0.0,0.0,0.0,0.0,0.0,0.0,0.4473684210526316,1.0,0.0,0.11842105263157894,0.6,0.0,0.4342105263157895,1.0,0.0,0.0,0.0,0.0,0.0,0.0,0.0,0.0,0.0,0.0,0.0,0.0,0.0,0.0,0.0,0.0,0.0,0.0,0.0,0.0,0.0,0.0,0.0,0.0,0.0,0.0,0.0,0.0,0.11842105263157894,0.11842105263157894,0.11842105263157894,0.0,0.0,0.0,0.0,0.0,0.0,0.0,0.0,0.0,0.0,0.0,0.0,0.0,0.0,0.0,0.0,0.0,0.0,43,0,0,33,0,0,0,76,0.0,0,0,0.881578947368421,0.8816,67,9,76,0.881578947368421,0.11842105263157894,0.0,0,0,ACCEPTABLE,GOOD_TRUST,0.881578947368421,0.0,0.0,0.881578947368421,-0.06729323308270674,-0.07633262260127927,0.881578947368421,-0.3743325705568268,-0.4246160501838633,0.881578947368421,-0.13157894736842102,-0.14925373134328357,0.0,0.0,0.0,0.8816,0.0,0.0,0.8816,-0.06730000000000003,-0.07633847549909256,0.8816,-0.2783000000000001,-0.31567604355716883,0.8816,-0.17890000000000006,-0.20292649727767698,0.0,0.0,0.0,0.7501807660869401,0.20480211091187725,0.3119266055045872,0.881578947368421,-0.06546123030357454,0.7685983128555012,0.1957117335515193,0.3119266055045872,1.0,0.04915869649029325,0.0,0.0,0.0,0.0,0.0,0.7463714285714287,0.20416226156569448,0.3119,0.8816,-0.07317142857142866,0.7763642857142857,0.18751743962851872,0.3119,1.0,0.032235714285714256,0.0,0.0,0.0,0.0,0.0,-0.4246160501838633,-0.14925373134328357,-0.31567604355716883,-0.20292649727767698,0.20480211091187725,0.1957117335515193,0.20416226156569448,0.18751743962851872
2025-10-06,34,75,0,0,0.0,0.0,0,75,75,0.0,0.0,1152357.0,50.0,0.0,0.0,0.0,0.0,0.0,0.0,0.0,0.0,211482864393.0,0.0,0.0,0.0,0.0,0.0,0.0,0.0,0.0,0.0,0.0,0.0,0.0,0.0,2025.0,10.0,6.0,0.0,279.0,41.0,4.0,-0.8660254037844386,0.5000000000000001,0.0,1.0,0.0,0.0,0.0,0.0,0.0,34,75,0.0,0.0,0,0,0.0,0,0,0.0,0,0,0.0,0,0,0.0,34,75,0.0,0,0,0.0,0,0,0.0,1.0,0,0.0,0.0,0.0,0.0,1.0,109,109,109,109,109,109,109,109,109,109,0.0,0.0,0.0,0.0,0.0,0.0,1.0,0.0,0.0,2.0,0.0,0.0,0.0,0.0,0.0,0.0,0.0,0.0,0.0,0.0,0.0,0.0,0.0,1.0,0.0,0.0,0.0,0.0,0.0,0.0,0.0,0.0,0.0,0.0,0.0,109,4.6880733944954125,5,4,0.0,0.0,0.0,0.0,0.0,0.0,0.0,0.0,0.0,0.0,0.0,0.0,0.0,0.0,0.0,0.0,0.0,0.0,0.0,0.0,0.0,0.0,0.0,0.0,0.3119266055045872,0.3119266055045872,0.3119266055045872,0.6880733944954128,0.6880733944954128,0.6880733944954128,0.0,0.0,0.0,0.0,0.0,0.0,0.0,0.0,0.0,0.0,0.0,0.0,0.6880733944954128,0.6880733944954128,0.6880733944954128,0.0,0.0,0.0,0.0,0.0,0.0,0.0,0.0,0.0,0.0,0.0,0.0,0.0,0.0,0.0,0.0,0.0,0.0,0,0,0,0,109,0,0,109,0.0,0,0,0.3119266055045872,0.3119,34,75,109,0.3119266055045872,0.6880733944954128,0.0,0,0,UNACCEPTABLE,POOR_TRUST,0.881578947368421,-0.5696523418638338,-0.6461728056962892,0.881578947368421,-0.06729323308270674,-0.07633262260127927,0.881578947368421,-0.3743325705568268,-0.4246160501838633,0.881578947368421,-0.13157894736842102,-0.14925373134328357,0.0,0.0,0.0,0.8816,-0.5697000000000001,-0.6462114337568059,0.8816,-0.06730000000000003,-0.07633847549909256,0.8816,-0.2783000000000001,-0.31567604355716883,0.8816,-0.17890000000000006,-0.20292649727767698,0.0,0.0,0.0,0.7501807660869401,0.20480211091187725,0.3119266055045872,0.881578947368421,-0.06546123030357454,0.7685983128555012,0.1957117335515193,0.3119266055045872,1.0,0.04915869649029325,0.0,0.0,0.0,0.0,0.0,0.7463714285714287,0.20416226156569448,0.3119,0.8816,-0.07317142857142866,0.7763642857142857,0.18751743962851872,0.3119,1.0,0.032235714285714256,0.0,0.0,0.0,0.0,0.0,-0.4246160501838633,-0.14925373134328357,-0.31567604355716883,-0.20292649727767698,0.20480211091187725,0.1957117335515193,0.20416226156569448,0.18751743962851872
2025-10-09,57,13,0,0,0.0,0.0,0,13,13,0.0,0.0,1005750.8857142857,61.41428571428571,0.0,0.0,0.0,0.0,0.0,0.0,0.0,0.0,0.0,0.0,0.0,0.0,0.0,404.0,0.0,0.0,0.0,0.0,0.0,0.0,0.0,0.0,2025.0,10.0,9.0,3.0,282.0,41.0,4.0,-0.8660254037844386,0.5000000000000001,0.43388373911755823,-0.900968867902419,0.0,0.0,0.0,0.0,0.0,57,13,0.0,0.0,0,0,0.0,28,13,0.0,29,0,0.0,0,0,0.0,0,0,0.0,0,0,0.0,0,0,0.0,1.0,0,0.0,0.0,0.0,0.0,1.0,70,70,28,70,70,70,0,70,70,70,0.0,0.0,0.0,0.0,0.0,1.0,0.0,0.0,0.0,3.0,0.0,0.0,0.0,0.5857142857142857,0.0,0.0,0.4142857142857143,0.0,0.0,0.0,0.0,0.0,0.0,0.0,0.0,0.0,0.0,0.0,0.0,0.0,0.0,0.0,0.0,0.0,0.0,70,4.185714285714286,5,4,0.0,0.0,0.0,0.0,0.0,0.0,0.4,1.0,0.0,0.18571428571428572,0.9230769230769231,0.0,0.4142857142857143,1.0,0.0,0.0,0.0,0.0,0.0,0.0,0.0,0.0,0.0,0.0,0.0,0.0,0.0,0.0,0.0,0.0,0.0,0.0,0.0,0.0,0.0,0.0,0.0,0.0,0.0,0.0,0.0,0.0,0.18571428571428572,0.18571428571428572,0.18571428571428572,0.0,0.0,0.0,0.0,0.0,0.0,0.0,0.0,0.0,0.0,0.0,0.0,0.0,0.0,0.0,0.0,0.0,0.0,41,0,0,29,0,0,0,70,0.0,0,0,0.8142857142857143,0.8143,57,13,70,0.8142857142857143,0.18571428571428572,0.0,0,0,ACCEPTABLE,GOOD_TRUST,0.3119266055045872,0.5023591087811271,1.6105042016806723,0.881578947368421,-0.06729323308270674,-0.07633262260127927,0.881578947368421,-0.3743325705568268,-0.4246160501838633,0.881578947368421,-0.13157894736842102,-0.14925373134328357,0.0,0.0,0.0,0.3119,0.5024,1.6107726835524208,0.8816,-0.06730000000000003,-0.07633847549909256,0.8816,-0.2783000000000001,-0.31567604355716883,0.8816,-0.17890000000000006,-0.20292649727767698,0.0,0.0,0.0,0.7501807660869401,0.20480211091187725,0.3119266055045872,0.881578947368421,-0.06546123030357454,0.7685983128555012,0.1957117335515193,0.3119266055045872,1.0,0.04915869649029325,0.0,0.0,0.0,0.0,0.0,0.7463714285714287,0.20416226156569448,0.3119,0.8816,-0.07317142857142866,0.7763642857142857,0.18751743962851872,0.3119,1.0,0.032235714285714256,0.0,0.0,0.0,0.0,0.0,-0.4246160501838633,-0.14925373134328357,-0.31567604355716883,-0.20292649727767698,0.20480211091187725,0.1957117335515193,0.20416226156569448,0.18751743962851872
2025-10-14,62,14,0,0,0.0,0.0,0,14,14,0.0,0.0,909631.1315789474,81.34210526315789,0.0,0.0,0.0,0.0,0.0,0.0,0.0,0.0,0.0,0.0,0.0,0.0,0.0,707.0,0.0,0.0,0.0,0.0,0.0,0.0,0.0,0.0,2025.0,10.0,14.0,1.0,287.0,42.0,4.0,-0.8660254037844386,0.5000000000000001,0.7818314824680298,0.6234898018587336,0.0,0.0,0.0,0.0,0.0,62,14,0.0,0.0,0,0,0.0,29,14,0.0,33,0,0.0,0,0,0.0,0,0,0.0,0,0,0.0,0,0,0.0,1.0,0,0.0,0.0,0.0,0.0,1.0,76,76,32,76,76,76,0,76,76,76,0.0,0.0,0.0,0.0,0.0,1.0,0.0,0.0,0.0,3.0,0.0,0.0,0.0,0.5657894736842105,0.0,0.0,0.4342105263157895,0.0,0.0,0.0,0.0,0.0,0.0,0.0,0.0,0.0,0.0,0.0,0.0,0.0,0.0,0.0,0.0,0.0,0.0,76,4.184210526315789,5,4,0.0,0.0,0.0,0.0,0.0,0.0,0.3815789473684211,1.0,0.07142857142857142,0.18421052631578946,0.9285714285714286,0.0,0.4342105263157895,0.8571428571428571,0.0,0.0,0.0,0.0,0.0,0.0,0.0,0.0,0.0,0.0,0.0,0.0,0.0,0.0,0.0,0.0,0.0,0.0,0.0,0.0,0.0,0.0,0.0,0.0,0.0,0.0,0.0,0.0,0.18421052631578946,0.18421052631578946,0.18421052631578946,0.0,0.0,0.0,0.0,0.0,0.0,0.0,0.0,0.0,0.0,0.0,0.0,0.0,0.0,0.0,0.0,0.0,0.0,43,0,0,33,0,0,0,76,0.0,0,0,0.8157894736842105,0.8158,62,14,76,0.8157894736842105,0.18421052631578946,0.0,0,0,ACCEPTABLE,GOOD_TRUST,0.8142857142857143,0.0015037593984962294,0.001846722068328699,0.881578947368421,-0.06578947368421051,-0.07462686567164178,0.881578947368421,-0.3743325705568268,-0.4246160501838633,0.881578947368421,-0.13157894736842102,-0.14925373134328357,0.0,0.0,0.0,0.8143,0.0014999999999999458,0.0018420729460886243,0.8816,-0.06580000000000008,-0.07463702359346647,0.8816,-0.2783000000000001,-0.31567604355716883,0.8816,-0.17890000000000006,-0.20292649727767698,0.0,0.0,0.0,0.7501807660869401,0.20480211091187725,0.3119266055045872,0.881578947368421,-0.06546123030357454,0.7685983128555012,0.1957117335515193,0.3119266055045872,1.0,0.04915869649029325,0.0,0.0,0.0,0.0,0.0,0.7463714285714287,0.20416226156569448,0.3119,0.8816,-0.07317142857142866,0.7763642857142857,0.18751743962851872,0.3119,1.0,0.032235714285714256,0.0,0.0,0.0,0.0,0.0,-0.4246160501838633,-0.14925373134328357,-0.31567604355716883,-0.20292649727767698,0.20480211091187725,0.1957117335515193,0.20416226156569448,0.18751743962851872
2025-10-31,87,14,0,0,0.0,0.0,0,14,14,0.0,0.0,146885.48514851485,64.44554455445545,0.0,0.0,0.0,0.0,0.0,0.0,0.0,0.0,0.0,0.43564356435643564,1.0,0.0,0.43564356435643564,707.0,0.0,0.0,0.0,0.0,0.0,0.0,0.0,0.0,2025.0,10.0,31.0,4.0,304.0,44.0,4.0,-0.8660254037844386,0.5000000000000001,-0.433883739117558,-0.9009688679024191,0.0,0.0,1.0,0.0,0.0,87,14,0.0,0.0,0,0,0.0,24,14,0.0,33,0,0.0,0,0,0.0,0,0,0.0,30,0,0.0,0,0,0.0,1.0,0,0.0,0.0,0.0,0.0,1.0,101,101,62,101,101,101,0,101,101,101,0.0,0.0,0.0,0.0,0.0,0.7029702970297029,0.297029702970297,0.0,0.0,2.702970297029703,0.0,0.0,0.0,0.37623762376237624,0.0,0.0,0.32673267326732675,0.0,0.0,0.0,0.0,0.0,0.0,0.0,0.0,0.0,0.297029702970297,0.0,0.0,0.0,0.0,0.0,0.0,0.0,0.0,101,4.138613861386139,5,4,0.0,0.0,0.0,0.0,0.0,0.0,0.2376237623762376,1.0,0.0,0.13861386138613863,0.9285714285714286,0.0,0.32673267326732675,1.0,0.0,0.0,0.0,0.0,0.0,0.0,0.0,0.0,0.0,0.0,0.0,0.0,0.0,0.0,0.0,0.0,0.297029702970297,1.0,0.0,0.0,0.0,0.0,0.0,0.0,0.0,0.0,0.0,0.0,0.13861386138613863,0.13861386138613863,0.13861386138613863,0.0,0.0,0.0,0.0,0.0,0.0,0.0,0.0,0.0,0.0,0.0,0.0,0.0,0.0,0.0,0.0,0.0,0.0,38,30,0,33,0,0,0,101,0.0,0,0,0.8613861386138614,0.8462,87,14,101,0.8613861386138614,0.13861386138613863,0.0,0,0,ACCEPTABLE,GOOD_TRUST,0.8157894736842105,0.045596664929650865,0.055892686042797735,0.3119266055045872,0.5494595331092742,1.7615026208503202,0.881578947368421,-0.3743325705568268,-0.4246160501838633,0.881578947368421,-0.13157894736842102,-0.14925373134328357,0.0,0.0,0.0,0.8158,0.030399999999999983,0.037264035302770226,0.3119,0.5343,1.713049054184033,0.8816,-0.2783000000000001,-0.31567604355716883,0.8816,-0.17890000000000006,-0.20292649727767698,0.0,0.0,0.0,0.7501807660869401,0.20480211091187725,0.3119266055045872,0.881578947368421,-0.06546123030357454,0.7685983128555012,0.1957117335515193,0.3119266055045872,1.0,0.04915869649029325,0.0,0.0,0.0,0.0,0.0,0.7463714285714287,0.20416226156569448,0.3119,0.8816,-0.07317142857142866,0.7763642857142857,0.18751743962851872,0.3119,1.0,0.032235714285714256,0.0,0.0,0.0,0.0,0.0,-0.4246160501838633,-0.14925373134328357,-0.31567604355716883,-0.20292649727767698,0.20480211091187725,0.1957117335515193,0.20416226156569448,0.18751743962851872
2025-11-13,354,163,0,0,0.0,0.0,0,163,163,8262297.0,5.0,1436428.4970986461,86.47388781431334,0.0,0.0,0.0,0.0,0.0019342359767891683,1.0,1.0,0.0,570978011126.0,1.0,1.0,1.0,1.0,707.0,0.0,0.0,0.0,0.0,0.0,2126.0,2126.0,0.0,2025.0,11.0,13.0,3.0,317.0,46.0,4.0,-0.5000000000000004,0.8660254037844384,0.43388373911755823,-0.900968867902419,0.0,0.0,0.0,0.0,0.0,354,163,0.0,0.0,21,5,0.0,58,28,0.0,66,0,0.0,109,3,0.0,70,127,0.0,30,0,0.0,0,0,0.0,1.0,0,0.0,0.0,0.0,0.0,1.0,517,517,317,517,517,517,197,517,517,517,0.0,0.0,0.0,0.0,0.0,0.2940038684719536,0.48936170212765956,0.21663442940038685,0.0,2.0773694390715667,0.0,0.05029013539651837,0.0,0.16634429400386846,0.0,0.0,0.1276595744680851,0.0,0.0,0.0,0.0,0.21663442940038685,0.0,0.38104448742746616,0.0,0.0,0.058027079303675046,0.0,0.0,0.0,0.0,0.0,0.0,0.0,0.0,517,4.3152804642166345,5,4,0.04061895551257253,0.8095238095238095,0.0,0.009671179883945842,0.2,0.0,0.11218568665377177,1.0,0.0,0.05415860735009671,0.9285714285714286,0.0,0.1276595744680851,1.0,0.0,0.0,0.0,0.0,0.21083172147001933,1.0,0.0,0.005802707930367505,0.047619047619047616,0.0,0.13539651837524178,0.35714285714285715,0.0,0.24564796905222439,0.6464646464646465,0.0,0.058027079303675046,1.0,0.0,0.0,0.0,0.0,0.0,0.0,0.0,0.0,0.0,0.0,0.3152804642166344,0.3152804642166344,0.3152804642166344,0.0,0.0,0.0,0.0,0.0,0.0,0.0,0.0,0.0,0.0,0.0,0.0,0.0,0.0,0.0,0.0,0.0,0.0,86,30,0,66,197,112,26,517,0.0,0,0,0.6847195357833655,0.6732,354,163,517,0.6847195357833655,0.3152804642166344,0.0,0,0,NEEDS_ATTENTION,MODERATE_TRUST,0.8613861386138614,-0.17666660283049584,-0.20509571133195492,0.8142857142857143,-0.12956617850234875,-0.15911635956428793,0.881578947368421,-0.3743325705568268,-0.4246160501838633,0.881578947368421,-0.13157894736842102,-0.14925373134328357,0.0,0.0,0.0,0.8462,-0.17299999999999993,-0.20444339399669098,0.8143,-0.1411,-0.17327766179540705,0.8816,-0.2783000000000001,-0.31567604355716883,0.8816,-0.17890000000000006,-0.20292649727767698,0.0,0.0,0.0,0.7501807660869401,0.20480211091187725,0.3119266055045872,0.881578947368421,-0.06546123030357454,0.7685983128555012,0.1957117335515193,0.3119266055045872,1.0,0.04915869649029325,0.0,0.0,0.0,0.0,0.0,0.7463714285714287,0.20416226156569448,0.3119,0.8816,-0.07317142857142866,0.7763642857142857,0.18751743962851872,0.3119,1.0,0.032235714285714256,0.0,0.0,0.0,0.0,0.0,-0.4246160501838633,-0.14925373134328357,-0.31567604355716883,-0.20292649727767698,0.20480211091187725,0.1957117335515193,0.20416226156569448,0.18751743962851872
2025-11-17,70,68,0,0,0.0,0.0,0,68,68,1880294.0,5.0,1285358.0,28.0,0.0,0.0,0.0,0.0,0.463768115942029,601.0,596.0,0.0,0.0,1.0,1.0,1.0,1.0,707.0,0.0,0.0,0.0,0.0,0.0,2441.0,1746.0,5.036231884057971,2025.0,11.0,17.0,0.0,321.0,47.0,4.0,-0.5000000000000004,0.8660254037844384,0.0,1.0,0.0,0.0,0.0,0.0,0.0,70,68,0.0,0.0,16,5,0.0,0,0,0.0,0,0,0.0,29,63,0.0,0,0,0.0,25,0,0.0,0,0,0.0,1.0,0,0.0,0.0,0.0,0.0,1.0,138,138,46,138,138,138,0,138,138,138,0.0,0.0,0.0,0.0,0.0,0.0,0.3333333333333333,0.6666666666666666,0.0,1.3333333333333333,0.0,0.15217391304347827,0.0,0.0,0.0,0.0,0.0,0.0,0.0,0.0,0.0,0.6666666666666666,0.0,0.0,0.0,0.0,0.18115942028985507,0.0,0.0,0.0,0.0,0.0,0.0,0.0,0.0,138,4.492753623188406,5,4,0.11594202898550725,0.7619047619047619,0.0,0.036231884057971016,0.23809523809523808,0.0,0.0,0.0,0.0,0.0,0.0,0.0,0.0,0.0,0.0,0.0,0.0,0.0,0.21014492753623187,0.6666666666666666,0.0,0.45652173913043476,1.0,0.0,0.0,0.0,0.0,0.0,0.0,0.0,0.18115942028985507,1.0,0.0,0.0,0.0,0.0,0.0,0.0,0.0,0.0,0.0,0.0,0.4927536231884058,0.4927536231884058,0.4927536231884058,0.0,0.0,0.0,0.0,0.0,0.0,0.0,0.0,0.0,0.0,0.0,0.0,0.0,0.0,0.0,0.0,0.0,0.0,0,25,0,0,0,92,21,138,0.0,0,0,0.5072463768115942,0.6033,70,68,138,0.5072463768115942,0.4927536231884058,0.0,0,0,UNACCEPTABLE,MODERATE_TRUST,0.6847195357833655,-0.1774731589717713,-0.25919102595594845,0.8157894736842105,-0.3085430968726163,-0.378214118747078,0.881578947368421,-0.3743325705568268,-0.4246160501838633,0.881578947368421,-0.13157894736842102,-0.14925373134328357,0.0,0.0,0.0,0.6732,-0.06990000000000007,-0.10383244206773634,0.8158,-0.21250000000000002,-0.26048050992890415,0.8816,-0.2783000000000001,-0.31567604355716883,0.8816,-0.17890000000000006,-0.20292649727767698,0.0,0.0,0.0,0.696704684578822,0.21346241831527366,0.3119266055045872,0.881578947368421,-0.18945830776722772,0.7685983128555012,0.1957117335515193,0.3119266055045872,1.0,0.04915869649029325,0.0,0.0,0.0,0.0,0.0,0.7066142857142859,0.2005042096696179,0.3119,0.8816,-0.10331428571428591,0.7763642857142857,0.18751743962851872,0.3119,1.0,0.032235714285714256,0.0,0.0,0.0,0.0,0.0,-0.4246160501838633,-0.14925373134328357,-0.31567604355716883,-0.20292649727767698,0.21346241831527366,0.1957117335515193,0.2005042096696179,0.18751743962851872
2025-11-25,116,31,0,0,0.0,0.0,0,35,35,0.0,0.0,1112064.6556291392,33.24503311258278,0.0,0.0,0.0,0.0,1.0,3020.0,1510.0,0.0,259338605.0,1.0,1.0,1.0,1.0,707.0,0.0,0.0,0.0,332579818.0,332417985.0,3020.0,1510.0,10.0,2025.0,11.0,25.0,1.0,329.0,48.0,4.0,-0.5000000000000004,0.8660254037844384,0.7818314824680298,0.6234898018587336,0.0,0.0,0.0,0.0,0.0,116,31,0.0,0.0,0,0,0.0,16,6,0.0,41,0,0.0,0,0,0.0,57,25,0.0,0,0,0.0,2,0,0.0,0.9735099337748344,0,0.0,0.0,0.0,0.0,1.0,151,151,122,151,151,151,82,151,151,151,0.0,0.0,0.0,0.0,0.0,0.45695364238410596,0.543046357615894,0.0,0.0,2.456953642384106,0.0,0.0,0.0,0.1456953642384106,0.0,0.0,0.271523178807947,0.0,0.0,0.0,0.0,0.0,0.0,0.543046357615894,0.0,0.0,0.0,0.0,0.039735099337748346,0.0,0.0,0.0,0.0,0.0,0.0,151,4.231788079470198,5,4,0.0,0.0,0.0,0.0,0.0,0.0,0.10596026490066225,1.0,0.0,0.039735099337748346,0.75,0.0,0.271523178807947,1.0,0.0,0.0,0.0,0.0,0.0,0.0,0.0,0.0,0.0,0.0,0.3774834437086092,0.6951219512195121,0.0,0.16556291390728478,0.3048780487804878,0.0,0.0,0.0,0.0,0.0,0.0,0.0,0.013245033112582781,0.3333333333333333,0.0,0.0,0.0,0.0,0.23178807947019867,0.23178807947019867,0.23178807947019867,0.0,0.0,0.0,0.0,0.0,0.0,0.0,0.0,0.0,0.0,0.0,0.0,0.0,0.0,0.0,0.0,0.0,0.0,22,0,6,41,82,0,0,151,0.0,0,0,0.7682119205298014,0.8167,116,31,151,0.7682119205298014,0.2052980132450331,0.0,0,0,NEEDS_ATTENTION,GOOD_TRUST,0.5072463768115942,0.2609655437182071,0.5144749290444655,0.8613861386138614,-0.09317421808406001,-0.10816777041942605,0.881578947368421,-0.11336702683861966,-0.12859543342888202,0.881578947368421,-0.13157894736842102,-0.14925373134328357,0.0,0.0,0.0,0.6033,0.21340000000000003,0.35372120006630214,0.8462,-0.02949999999999997,-0.03486173481446464,0.8816,-0.06490000000000007,-0.07361615245009079,0.8816,-0.17890000000000006,-0.20292649727767698,0.0,0.0,0.0,0.6805093950304478,0.20103731167973557,0.3119266055045872,0.8613861386138614,0.08770252549935353,0.7685983128555012,0.1957117335515193,0.3119266055045872,1.0,0.04915869649029325,0.0,0.0,0.0,0.0,0.0,0.697342857142857,0.1924009602985638,0.3119,0.8462,0.11935714285714294,0.7763642857142857,0.18751743962851872,0.3119,1.0,0.032235714285714256,0.0,0.0,0.0,0.0,0.0,-0.12859543342888202,-0.14925373134328357,-0.07361615245009079,-0.20292649727767698,0.20103731167973557,0.1957117335515193,0.1924009602985638,0.18751743962851872
2025-11-26,24,0,0,0,0.0,0.0,0,0,0,0.0,0.0,106309.0,78.0,0.0,0.0,0.0,0.0,1.0,480.0,240.0,0.0,0.0,1.0,1.0,1.0,1.0,707.0,0.0,0.0,0.0,53608488.0,53582376.0,480.0,240.0,10.0,2025.0,11.0,26.0,2.0,330.0,48.0,4.0,-0.5000000000000004,0.8660254037844384,0.9749279121818236,-0.22252093395631434,0.0,0.0,0.0,0.0,0.0,24,0,0.0,0.0,0,0,0.0,24,0,0.0,0,0,0.0,0,0,0.0,0,0,0.0,0,0,0.0,0,0,0.0,1.0,0,0.0,0.0,0.0,0.0,1.0,24,24,0,24,24,24,0,24,24,24,0.0,0.0,0.0,0.0,0.0,1.0,0.0,0.0,0.0,3.0,0.0,0.0,0.0,1.0,0.0,0.0,0.0,0.0,0.0,0.0,0.0,0.0,0.0,0.0,0.0,0.0,0.0,0.0,0.0,0.0,0.0,0.0,0.0,0.0,0.0,24,4.0,4,4,0.0,0.0,0.0,0.0,0.0,0.0,1.0,1.0,1.0,0.0,0.0,0.0,0.0,0.0,0.0,0.0,0.0,0.0,0.0,0.0,0.0,0.0,0.0,0.0,0.0,0.0,0.0,0.0,0.0,0.0,0.0,0.0,0.0,0.0,0.0,0.0,0.0,0.0,0.0,0.0,0.0,0.0,0.0,0.0,0.0,0.0,0.0,0.0,0.0,0.0,0.0,0.0,0.0,0.0,0.0,0.0,0.0,0.0,0.0,0.0,0.0,0.0,0.0,24,0,0,0,0,0,0,24,0.0,0,0,1.0,1.0,24,0,24,1.0,0.0,0.0,0,0,CLINICAL_EXCELLENCE,EXCELLENT_TRUST,0.7682119205298014,0.23178807947019864,0.3017241379310345,0.6847195357833655,0.31528046421663447,0.46045197740113,0.3119266055045872,0.6880733944954128,2.205882352941176,0.881578947368421,-0.13157894736842102,-0.14925373134328357,0.0,0.0,0.0,0.8167,0.18330000000000002,0.22443981878290686,0.6732,0.3268,0.48544266191325014,0.3119,0.6880999999999999,2.2061558191728117,0.8816,-0.17890000000000006,-0.20292649727767698,0.0,0.0,0.0,0.7788055942440781,0.15334165480755527,0.5072463768115942,1.0,0.22119440575592186,0.7685983128555012,0.1957117335515193,0.3119266055045872,1.0,0.04915869649029325,0.0,0.0,0.0,0.0,0.0,0.7956428571428571,0.12747790471480214,0.6033,1.0,0.2043571428571429,0.7763642857142857,0.18751743962851872,0.3119,1.0,0.032235714285714256,0.0,0.0,0.0,0.0,0.0,2.205882352941176,-0.14925373134328357,2.2061558191728117,-0.20292649727767698,0.15334165480755527,0.1957117335515193,0.12747790471480214,0.18751743962851872
2025-11-28,153,21,0,0,0.0,221758656664.06897,0,21,21,0.0,0.0,87664.64942528735,65.84482758620689,0.0,0.0,0.0,0.0,1.0,3480.0,1740.0,0.0,0.0,1.0,1.0,1.0,1.0,707.0,38586006259548.0,19107704247822.0,111944264435.2069,141895534.0,141143714.0,3480.0,1740.0,10.0,2025.0,11.0,28.0,4.0,332.0,48.0,4.0,-0.5000000000000004,0.8660254037844384,-0.433883739117558,-0.9009688679024191,0.0,0.0,0.0,0.0,0.0,153,21,0.0,0.0,0,0,0.0,107,21,0.0,34,0,0.0,0,0,0.0,0,0,0.0,0,0,0.0,12,0,0.0,1.0,0,0.0,0.0,0.0,0.0,1.0,174,174,33,174,174,174,0,174,174,174,0.0,0.0,0.0,0.0,0.0,0.5,0.0,0.0,0.0,1.5,0.0,0.0,0.0,0.23563218390804597,0.0,0.0,0.19540229885057472,0.0,0.0,0.0,0.0,0.0,0.0,0.0,0.0,0.0,0.0,0.0,0.06896551724137931,0.0,0.0,0.0,0.0,0.0,0.0,174,4.120689655172414,5,4,0.0,0.0,0.0,0.0,0.0,0.0,0.6149425287356322,1.0,0.0,0.1206896551724138,0.8571428571428571,0.0,0.19540229885057472,1.0,0.0,0.0,0.0,0.0,0.0,0.0,0.0,0.0,0.0,0.0,0.0,0.0,0.0,0.0,0.0,0.0,0.0,0.0,0.0,0.0,0.0,0.0,0.06896551724137931,1.0,0.0,0.0,0.0,0.0,0.1206896551724138,0.1206896551724138,0.1206896551724138,0.0,0.0,0.0,0.0,0.0,0.0,0.0,0.0,0.0,0.0,0.0,0.0,0.0,0.0,0.0,0.0,0.0,0.0,128,0,12,34,0,0,0,174,0.0,0,38586006259548,0.8793103448275862,0.8793,153,21,174,0.8793103448275862,0.1206896551724138,0.0,0,0,ACCEPTABLE,GOOD_TRUST,1.0,-0.12068965517241381,-0.12068965517241381,0.5072463768115942,0.37206396801599195,0.7334975369458128,0.8142857142857143,0.06502463054187191,0.07985480943738654,0.881578947368421,-0.13157894736842102,-0.14925373134328357,0.0,0.0,0.0,1.0,-0.12070000000000003,-0.12070000000000003,0.6033,0.276,0.4574838388861264,0.8143,0.06499999999999995,0.07982316099717535,0.8816,-0.17890000000000006,-0.20292649727767698,0.0,0.0,0.0,0.7880948271786313,0.15775525116818045,0.5072463768115942,1.0,0.09121551764895486,0.7685983128555012,0.1957117335515193,0.3119266055045872,1.0,0.04915869649029325,0.0,0.0,0.0,0.0,0.0,0.8049285714285714,0.13137132759581024,0.6033,1.0,0.07437142857142853,0.7763642857142857,0.18751743962851872,0.3119,1.0,0.032235714285714256,0.0,0.0,0.0,0.0,0.0,0.07985480943738654,-0.14925373134328357,0.07982316099717535,-0.20292649727767698,0.15775525116818045,0.1957117335515193,0.13137132759581024,0.18751743962851872
2025-12-01,6,0,0,0,0.0,0.0,0,0,0,0.0,0.0,12580.0,59.0,0.0,0.0,0.0,0.0,1.0,120.0,60.0,0.0,0.0,1.0,1.0,1.0,1.0,707.0,66646788252.0,69125129964.0,-413056952.0,12507905.0,12445831.0,120.0,60.0,10.0,2025.0,12.0,1.0,0.0,335.0,49.0,4.0,-2.4492935982947064e-16,1.0,0.0,1.0,0.0,1.0,0.0,0.0,0.0,6,0,0.0,0.0,0,0,0.0,0,0,0.0,0,0,0.0,0,0,0.0,0,0,0.0,0,0,0.0,6,0,0.0,1.0,0,0.0,0.0,0.0,0.0,1.0,6,6,0,6,6,6,0,6,6,6,0.0,0.0,0.0,0.0,0.0,1.0,0.0,0.0,0.0,3.0,0.0,0.0,0.0,0.0,0.0,0.0,0.0,0.0,0.0,0.0,0.0,0.0,0.0,0.0,0.0,0.0,0.0,0.0,1.0,0.0,0.0,0.0,0.0,0.0,0.0,6,4.0,4,4,0.0,0.0,0.0,0.0,0.0,0.0,0.0,0.0,0.0,0.0,0.0,0.0,0.0,0.0,0.0,0.0,0.0,0.0,0.0,0.0,0.0,0.0,0.0,0.0,0.0,0.0,0.0,0.0,0.0,0.0,0.0,0.0,0.0,0.0,0.0,0.0,1.0,1.0,1.0,0.0,0.0,0.0,0.0,0.0,0.0,0.0,0.0,0.0,0.0,0.0,0.0,0.0,0.0,0.0,0.0,0.0,0.0,0.0,0.0,0.0,0.0,0.0,0.0,0,0,6,0,0,0,0,6,0.0,0,0,1.0,1.0,6,0,6,1.0,0.0,0.0,0,0,CLINICAL_EXCELLENCE,EXCELLENT_TRUST,0.8793103448275862,0.12068965517241381,0.13725490196078427,0.7682119205298014,0.23178807947019864,0.3017241379310345,0.8157894736842105,0.1842105263157895,0.22580645161290325,0.881578947368421,-0.13157894736842102,-0.14925373134328357,0.0,0.0,0.0,0.8793,0.12070000000000003,0.1372682815876265,0.8167,0.18330000000000002,0.22443981878290686,0.8158,0.18420000000000003,0.22579063495954887,0.8816,-0.17890000000000006,-0.20292649727767698,0.0,0.0,0.0,0.8144106166523155,0.1772989373068531,0.5072463768115942,1.0,0.1855893833476845,0.7685983128555012,0.1957117335515193,0.3119266055045872,1.0,0.04915869649029325,0.0,0.0,0.0,0.0,0.0,0.8312428571428571,0.1509073320191661,0.6033,1.0,0.16875714285714294,0.7763642857142857,0.18751743962851872,0.3119,1.0,0.032235714285714256,0.0,0.0,0.0,0.0,0.0,0.22580645161290325,-0.14925373134328357,0.22579063495954887,-0.20292649727767698,0.1772989373068531,0.1957117335515193,0.1509073320191661,0.18751743962851872
2025-12-02,44,38,0,0,0.0,0.0,0,38,38,0.0,0.0,12580.0,59.0,0.0,0.0,0.0,0.0,1.0,1640.0,820.0,0.0,819963588.0,1.0,1.0,1.0,1.0,707.0,910839439444.0,944710109508.0,-413056952.0,503002760.0,499983274.0,1640.0,820.0,10.0,2025.0,12.0,2.0,1.0,336.0,49.0,4.0,-2.4492935982947064e-16,1.0,0.7818314824680298,0.6234898018587336,0.0,0.0,0.0,0.0,0.0,44,38,0.0,0.0,0,0,0.0,0,0,0.0,0,0,0.0,0,0,0.0,44,38,0.0,0,0,0.0,0,0,0.0,1.0,0,0.0,0.0,0.0,0.0,1.0,82,82,82,82,82,82,82,82,82,82,0.0,0.0,0.0,0.0,0.0,0.0,1.0,0.0,0.0,2.0,0.0,0.0,0.0,0.0,0.0,0.0,0.0,0.0,0.0,0.0,0.0,0.0,0.0,1.0,0.0,0.0,0.0,0.0,0.0,0.0,0.0,0.0,0.0,0.0,0.0,82,4.463414634146342,5,4,0.0,0.0,0.0,0.0,0.0,0.0,0.0,0.0,0.0,0.0,0.0,0.0,0.0,0.0,0.0,0.0,0.0,0.0,0.0,0.0,0.0,0.0,0.0,0.0,0.5365853658536586,0.5365853658536586,0.5365853658536586,0.4634146341463415,0.4634146341463415,0.4634146341463415,0.0,0.0,0.0,0.0,0.0,0.0,0.0,0.0,0.0,0.0,0.0,0.0,0.4634146341463415,0.4634146341463415,0.4634146341463415,0.0,0.0,0.0,0.0,0.0,0.0,0.0,0.0,0.0,0.0,0.0,0.0,0.0,0.0,0.0,0.0,0.0,0.0,0,0,0,0,82,0,0,82,0.0,0,0,0.5365853658536586,0.5366,44,38,82,0.5365853658536586,0.4634146341463415,0.0,0,0,UNACCEPTABLE,MODERATE_TRUST,1.0,-0.46341463414634143,-0.46341463414634143,1.0,-0.46341463414634143,-0.46341463414634143,0.8613861386138614,-0.3248007727602028,-0.377067563779086,0.881578947368421,-0.13157894736842102,-0.14925373134328357,0.0,0.0,0.0,1.0,-0.46340000000000003,-0.46340000000000003,1.0,-0.46340000000000003,-0.46340000000000003,0.8462,-0.3096,-0.3658709524935003,0.8816,-0.17890000000000006,-0.20292649727767698,0.0,0.0,0.0,0.7680105062580008,0.20351857311900767,0.5072463768115942,1.0,-0.23142514040434226,0.7685983128555012,0.1957117335515193,0.3119266055045872,1.0,0.04915869649029325,0.0,0.0,0.0,0.0,0.0,0.7870142857142858,0.18687592522465654,0.5366,1.0,-0.2504142857142858,0.7763642857142857,0.18751743962851872,0.3119,1.0,0.032235714285714256,0.0,0.0,0.0,0.0,0.0,-0.377067563779086,-0.14925373134328357,-0.3658709524935003,-0.20292649727767698,0.20351857311900767,0.1957117335515193,0.18687592522465654,0.18751743962851872
2025-12-09,350,78,0,0,0.0,98073133442.52103,0,78,78,9532531.0,7.0,397726.6144859813,52.88551401869159,0.0,164.0,164.0,0.0,0.7686915887850467,6580.0,3290.0,0.0,1043218513.0,1.0,1.0,1.0,1.0,707.0,208697151029613.0,205541064593567.0,7374033729.079439,600634334.0,600302447.0,8560.0,4280.0,10.0,2025.0,12.0,9.0,1.0,343.0,50.0,4.0,-2.4492935982947064e-16,1.0,0.7818314824680298,0.6234898018587337,0.0,0.0,0.0,0.0,0.0,350,78,0.0,0.0,19,7,0.0,135,31,0.0,35,0,0.0,87,0,0.0,42,40,0.0,25,0,0.0,7,0,0.0,1.0,0,0.0,0.0,0.0,0.0,1.0,428,428,167,428,428,428,82,428,428,428,0.0,0.0,0.0,0.0,0.0,0.23130841121495327,0.3107476635514019,0.20327102803738317,0.0,1.5186915887850467,0.0,0.06074766355140187,0.0,0.13317757009345793,0.0,0.0,0.08177570093457943,0.0,0.0,0.0,0.0,0.20327102803738317,0.0,0.19158878504672897,0.0,0.0,0.05841121495327103,0.0,0.016355140186915886,0.0,0.0,0.0,0.0,0.0,0.0,428,4.182242990654205,5,4,0.04439252336448598,0.7619047619047619,0.0,0.016355140186915886,0.4,0.0,0.31542056074766356,1.0,0.0,0.07242990654205607,1.0,0.0,0.08177570093457943,1.0,0.0,0.0,0.0,0.0,0.20327102803738317,1.0,0.0,0.0,0.0,0.0,0.09813084112149532,0.5121951219512195,0.0,0.09345794392523364,0.4878048780487805,0.0,0.05841121495327103,1.0,0.0,0.0,0.0,0.0,0.016355140186915886,1.0,0.0,0.0,0.0,0.0,0.1822429906542056,0.1822429906542056,0.1822429906542056,0.0,0.0,0.0,0.0,0.0,0.0,0.0,0.0,0.0,0.0,0.0,0.0,0.0,0.0,0.0,0.0,0.0,0.0,166,25,7,35,82,87,26,428,0.0,0,41975301113399,0.8177570093457944,0.8086,350,78,428,0.8177570093457944,0.1822429906542056,0.0,0,0,ACCEPTABLE,GOOD_TRUST,0.5365853658536586,0.28117164349213586,0.524001699235344,0.8793103448275862,-0.06155333548179176,-0.0700018325087044,0.6847195357833655,0.1330374735624289,0.19429484133269992,0.881578947368421,-0.13157894736842102,-0.14925373134328357,0.0,0.0,0.0,0.5366,0.272,0.506895266492732,0.8793,-0.07069999999999999,-0.08040486750824516,0.6732,0.13539999999999996,0.20112893642305396,0.8816,-0.17890000000000006,-0.20292649727767698,0.0,0.0,0.0,0.7870158596240621,0.20063555776467631,0.5072463768115942,1.0,0.030741149721732364,0.7685983128555012,0.1957117335515193,0.3119266055045872,1.0,0.04915869649029325,0.0,0.0,0.0,0.0,0.0,0.806357142857143,0.1800133778097511,0.5366,1.0,0.002242857142856991,0.7763642857142857,0.18751743962851872,0.3119,1.0,0.032235714285714256,0.0,0.0,0.0,0.0,0.0,0.19429484133269992,-0.14925373134328357,0.20112893642305396,-0.20292649727767698,0.20063555776467631,0.1957117335515193,0.1800133778097511,0.18751743962851872
2025-12-11,234,78,0,0,0.0,0.0,0,78,78,9532531.0,7.0,786432.3685897436,10.73076923076923,0.0,646.0,646.0,0.0,0.0,0.0,0.0,0.0,1035929189.0,1.0,1.0,1.0,1.0,707.0,166644095329920.0,166483290854400.0,515398960.0,434357976.0,434151744.0,6240.0,3120.0,10.0,2025.0,12.0,11.0,3.0,345.0,50.0,4.0,-2.4492935982947064e-16,1.0,0.43388373911755823,-0.900968867902419,0.0,0.0,0.0,0.0,0.0,234,78,0.0,0.0,19,7,0.0,26,31,0.0,35,0,0.0,87,0,0.0,42,40,0.0,25,0,0.0,0,0,0.0,1.0,0,0.0,0.0,0.0,0.0,1.0,312,312,167,312,312,312,82,312,312,312,0.0,0.0,0.0,0.0,0.0,0.2948717948717949,0.42628205128205127,0.27884615384615385,0.0,2.016025641025641,0.0,0.08333333333333333,0.0,0.18269230769230768,0.0,0.0,0.11217948717948718,0.0,0.0,0.0,0.0,0.27884615384615385,0.0,0.26282051282051283,0.0,0.0,0.08012820512820513,0.0,0.0,0.0,0.0,0.0,0.0,0.0,0.0,312,4.25,5,4,0.060897435897435896,0.7619047619047619,0.0,0.022435897435897436,0.4,0.0,0.08333333333333333,1.0,0.0,0.09935897435897435,1.0,0.0,0.11217948717948718,1.0,0.0,0.0,0.0,0.0,0.27884615384615385,1.0,0.0,0.0,0.0,0.0,0.1346153846153846,0.5121951219512195,0.0,0.1282051282051282,0.4878048780487805,0.0,0.08012820512820513,1.0,0.0,0.0,0.0,0.0,0.0,0.0,0.0,0.0,0.0,0.0,0.25,0.25,0.25,0.0,0.0,0.0,0.0,0.0,0.0,0.0,0.0,0.0,0.0,0.0,0.0,0.0,0.0,0.0,0.0,0.0,0.0,57,25,0,35,82,87,26,312,0.0,0,0,0.75,0.7027,234,78,312,0.75,0.25,0.0,0,0,NEEDS_ATTENTION,MODERATE_TRUST,0.8177570093457944,-0.06775700934579443,-0.08285714285714285,1.0,-0.25,-0.25,0.5072463768115942,0.24275362318840576,0.4785714285714284,0.881578947368421,-0.13157894736842102,-0.14925373134328357,0.0,0.0,0.0,0.8086,-0.1059,-0.1309671036359139,1.0,-0.2973,-0.2973,0.6033,0.09940000000000004,0.16476048400464127,0.8816,-0.17890000000000006,-0.20292649727767698,0.0,0.0,0.0,0.8216949486509773,0.16135287316812397,0.5365853658536586,1.0,-0.07169494865097725,0.7591998166148997,0.19300950627655947,0.3119266055045872,1.0,-0.009199816614899659,0.0,0.0,0.0,0.0,0.0,0.8205571428571428,0.16458534622036125,0.5366,1.0,-0.11785714285714277,0.7635857142857142,0.18588293610244577,0.3119,1.0,-0.06088571428571421,0.0,0.0,0.0,0.0,0.0,0.4785714285714284,-0.14925373134328357,0.16476048400464127,-0.20292649727767698,0.16135287316812397,0.19300950627655947,0.16458534622036125,0.18588293610244577
2025-12-12,234,78,0,0,0.0,0.0,0,78,78,9532531.0,7.0,647189.2980769231,54.708333333333336,0.0,684.0,684.0,0.0,0.0,0.0,0.0,0.0,112035822381.0,1.0,1.0,1.0,1.0,707.0,166644095329920.0,166483290854400.0,515398960.0,434357976.0,434151744.0,6240.0,3120.0,10.0,2025.0,12.0,12.0,4.0,346.0,50.0,4.0,-2.4492935982947064e-16,1.0,-0.43388373911755795,-0.9009688679024191,0.0,0.0,0.0,0.0,0.0,234,78,0.0,0.0,19,7,0.0,26,31,0.0,35,0,0.0,87,0,0.0,42,40,0.0,25,0,0.0,0,0,0.0,1.0,0,0.0,0.0,0.0,0.0,1.0,312,312,167,312,312,312,82,312,312,312,0.0,0.0,0.0,0.0,0.0,0.2948717948717949,0.42628205128205127,0.27884615384615385,0.0,2.016025641025641,0.0,0.08333333333333333,0.0,0.18269230769230768,0.0,0.0,0.11217948717948718,0.0,0.0,0.0,0.0,0.27884615384615385,0.0,0.26282051282051283,0.0,0.0,0.08012820512820513,0.0,0.0,0.0,0.0,0.0,0.0,0.0,0.0,312,4.25,5,4,0.060897435897435896,0.7619047619047619,0.0,0.022435897435897436,0.4,0.0,0.08333333333333333,1.0,0.0,0.09935897435897435,1.0,0.0,0.11217948717948718,1.0,0.0,0.0,0.0,0.0,0.27884615384615385,1.0,0.0,0.0,0.0,0.0,0.1346153846153846,0.4827586206896552,0.0,0.1282051282051282,0.45977011494252873,0.0,0.08012820512820513,1.0,0.0,0.0,0.0,0.0,0.0,0.0,0.0,0.0,0.0,0.0,0.25,0.25,0.25,0.0,0.0,0.0,0.0,0.0,0.0,0.0,0.0,0.0,0.0,0.0,0.0,0.0,0.0,0.0,0.0,0.0,0.0,57,25,0,35,82,87,26,312,0.0,0,0,0.75,0.7027,234,78,312,0.75,0.25,0.0,0,0,NEEDS_ATTENTION,MODERATE_TRUST,0.75,0.0,0.0,0.5365853658536586,0.21341463414634143,0.3977272727272727,0.7682119205298014,-0.018211920529801362,-0.0237068965517242,0.881578947368421,-0.13157894736842102,-0.14925373134328357,0.0,0.0,0.0,0.7027,0.0,0.0,0.5366,0.16610000000000003,0.30954155795751026,0.8167,-0.11399999999999999,-0.13958613934125141,0.8816,-0.17890000000000006,-0.20292649727767698,0.0,0.0,0.0,0.8190932457181485,0.1625017166246012,0.5365853658536586,1.0,-0.06909324571814845,0.7498013203742981,0.1897682887527986,0.3119266055045872,1.0,0.0001986796257018586,0.0,0.0,0.0,0.0,0.0,0.8042714285714284,0.17056224391001382,0.5366,1.0,-0.10157142857142842,0.7508071428571429,0.18327693826256783,0.3119,1.0,-0.048107142857142904,0.0,0.0,0.0,0.0,0.0,-0.0237068965517242,-0.14925373134328357,-0.13958613934125141,-0.20292649727767698,0.1625017166246012,0.1897682887527986,0.17056224391001382,0.18327693826256783
2025-12-17,19,0,0,0,0.0,0.0,0,0,0,0.0,0.0,310639.0,8.0,0.0,38.0,38.0,0.0,0.0,0.0,0.0,0.0,13606341484.0,1.0,1.0,1.0,1.0,707.0,10148198113040.0,10138405532800.0,515398960.0,26451287.0,26438728.0,380.0,190.0,10.0,2025.0,12.0,17.0,2.0,351.0,51.0,4.0,-2.4492935982947064e-16,1.0,0.9749279121818235,-0.22252093395631434,0.0,0.0,0.0,0.0,0.0,19,0,0.0,0.0,0,0,0.0,19,0,0.0,0,0,0.0,0,0,0.0,0,0,0.0,0,0,0.0,0,0,0.0,1.0,0,0.0,0.0,0.0,0.0,1.0,19,19,0,19,19,19,0,19,19,19,0.0,0.0,0.0,0.0,0.0,1.0,0.0,0.0,0.0,3.0,0.0,0.0,0.0,1.0,0.0,0.0,0.0,0.0,0.0,0.0,0.0,0.0,0.0,0.0,0.0,0.0,0.0,0.0,0.0,0.0,0.0,0.0,0.0,0.0,0.0,19,4.0,4,4,0.0,0.0,0.0,0.0,0.0,0.0,1.0,1.0,1.0,0.0,0.0,0.0,0.0,0.0,0.0,0.0,0.0,0.0,0.0,0.0,0.0,0.0,0.0,0.0,0.0,0.0,0.0,0.0,0.0,0.0,0.0,0.0,0.0,0.0,0.0,0.0,0.0,0.0,0.0,0.0,0.0,0.0,0.0,0.0,0.0,0.0,0.0,0.0,0.0,0.0,0.0,0.0,0.0,0.0,0.0,0.0,0.0,0.0,0.0,0.0,0.0,0.0,0.0,19,0,0,0,0,0,0,19,0.0,0,0,1.0,1.0,19,0,19,1.0,0.0,0.0,0,0,CLINICAL_EXCELLENCE,EXCELLENT_TRUST,0.75,0.25,0.33333333333333326,0.8177570093457944,0.18224299065420557,0.22285714285714286,1.0,0.0,0.0,0.3119266055045872,0.6880733944954128,2.205882352941176,0.0,0.0,0.0,0.7027,0.2973,0.42308239647075574,0.8086,0.19140000000000001,0.23670541676972556,1.0,0.0,0.0,0.3119,0.6880999999999999,2.2061558191728117,0.0,0.0,0.0,0.8190932457181485,0.1625017166246012,0.5365853658536586,1.0,0.18090675428185155,0.7989494199811134,0.15322272829118,0.5072463768115942,1.0,0.20105058001888665,0.0,0.0,0.0,0.0,0.0,0.8042714285714284,0.17056224391001382,0.5366,1.0,0.19572857142857158,0.7999571428571428,0.1447313570525949,0.5366,1.0,0.2000428571428572,0.0,0.0,0.0,0.0,0.0,0.0,2.205882352941176,0.0,2.2061558191728117,0.1625017166246012,0.15322272829118,0.17056224391001382,0.1447313570525949
2025-12-18,2,15,0,0,0.0,0.0,0,15,15,0.0,0.0,310639.0,92.52941176470588,0.0,34.0,34.0,0.0,0.0,0.0,0.0,0.0,12174095012.0,1.0,1.0,1.0,1.0,2195011.0,9079966732720.0,9071204950400.0,515398960.0,23666941.0,23655704.0,340.0,170.0,10.0,2025.0,12.0,18.0,3.0,352.0,51.0,4.0,-2.4492935982947064e-16,1.0,0.43388373911755823,-0.900968867902419,0.0,0.0,0.0,0.0,0.0,2,15,0.0,0.0,0,0,0.0,2,15,0.0,0,0,0.0,0,0,0.0,0,0,0.0,0,0,0.0,0,0,0.0,1.0,0,0.0,0.0,0.0,0.0,1.0,17,17,0,17,17,17,0,17,17,17,0.0,0.0,0.0,0.0,0.0,1.0,0.0,0.0,0.0,3.0,0.0,0.0,0.0,1.0,0.0,0.0,0.0,0.0,0.0,0.0,0.0,0.0,0.0,0.0,0.0,0.0,0.0,0.0,0.0,0.0,0.0,0.0,0.0,0.0,0.0,17,4.882352941176471,5,4,0.0,0.0,0.0,0.0,0.0,0.0,0.11764705882352941,0.11764705882352941,0.11764705882352941,0.8823529411764706,0.8823529411764706,0.8823529411764706,0.0,0.0,0.0,0.0,0.0,0.0,0.0,0.0,0.0,0.0,0.0,0.0,0.0,0.0,0.0,0.0,0.0,0.0,0.0,0.0,0.0,0.0,0.0,0.0,0.0,0.0,0.0,0.0,0.0,0.0,0.8823529411764706,0.8823529411764706,0.8823529411764706,0.0,0.0,0.0,0.0,0.0,0.0,0.0,0.0,0.0,0.0,0.0,0.0,0.0,0.0,0.0,0.0,0.0,0.0,17,0,0,0,0,0,0,17,0.0,0,0,0.11764705882352941,0.1176,2,15,17,0.11764705882352941,0.8823529411764706,0.0,0,0,UNACCEPTABLE,CRITICAL_RISK,1.0,-0.8823529411764706,-0.8823529411764706,0.75,-0.6323529411764706,-0.8431372549019608,0.8793103448275862,-0.7616632860040567,-0.8662053056516724,0.8142857142857143,-0.6966386554621848,-0.8555211558307534,0.0,0.0,0.0,1.0,-0.8824,-0.8824,0.7027,-0.5851,-0.8326455101750392,0.8793,-0.7616999999999999,-0.8662572500852951,0.8143,-0.6967,-0.8555814810266487,0.0,0.0,0.0,0.710284204860426,0.30658485772372374,0.11764705882352941,1.0,-0.5926371460368965,0.7491895160195287,0.23769351482190446,0.11764705882352941,1.0,-0.6315424571959992,0.0,0.0,0.0,0.0,0.0,0.6954571428571429,0.3048369501725081,0.1176,1.0,-0.5778571428571428,0.7501928571428571,0.23255238107801637,0.1176,1.0,-0.6325928571428571,0.0,0.0,0.0,0.0,0.0,-0.8662053056516724,-0.8555211558307534,-0.8662572500852951,-0.8555814810266487,0.30658485772372374,0.23769351482190446,0.3048369501725081,0.23255238107801637
2025-12-22,248,100,0,0,0.0,0.0,0,100,100,14451509.0,8.0,589809.3333333334,90.44252873563218,0.0,718.0,718.0,0.0,0.0,0.0,0.0,0.0,42780534895.0,1.0,1.0,1.0,1.0,1799062.0,185872260175680.0,185692901337600.0,515398960.0,484476204.0,484246176.0,6960.0,3480.0,10.0,2025.0,12.0,22.0,0.0,356.0,52.0,4.0,-2.4492935982947064e-16,1.0,0.0,1.0,0.0,0.0,0.0,0.0,0.0,248,100,0.0,0.0,51,8,0.0,26,30,0.0,35,0,0.0,87,0,0.0,20,62,0.0,29,0,0.0,0,0,0.0,1.0,0,0.0,0.0,0.0,0.0,1.0,348,348,204,348,348,348,82,348,348,348,0.0,0.0,0.0,0.0,0.0,0.2614942528735632,0.4885057471264368,0.25,0.0,2.0114942528735633,0.0,0.16954022988505746,0.0,0.16091954022988506,0.0,0.0,0.10057471264367816,0.0,0.0,0.0,0.0,0.25,0.0,0.23563218390804597,0.0,0.0,0.08333333333333333,0.0,0.0,0.0,0.0,0.0,0.0,0.0,0.0,348,4.287356321839081,5,4,0.14655172413793102,1.0,0.0,0.022988505747126436,0.4,0.0,0.07471264367816093,1.0,0.0,0.08620689655172414,1.0,0.0,0.10057471264367816,1.0,0.0,0.0,0.0,0.0,0.25,1.0,0.0,0.0,0.0,0.0,0.05747126436781609,0.24390243902439024,0.0,0.1781609195402299,0.7560975609756098,0.0,0.08333333333333333,1.0,0.0,0.0,0.0,0.0,0.0,0.0,0.0,0.0,0.0,0.0,0.28735632183908044,0.28735632183908044,0.28735632183908044,0.0,0.0,0.0,0.0,0.0,0.0,0.0,0.0,0.0,0.0,0.0,0.0,0.0,0.0,0.0,0.0,0.0,0.0,56,29,0,35,82,87,59,348,0.0,0,0,0.7126436781609196,0.6714,248,100,348,0.7126436781609196,0.28735632183908044,0.0,0,0,NEEDS_ATTENTION,MODERATE_TRUST,0.11764705882352941,0.5949966193373901,5.057471264367816,0.75,-0.03735632183908044,-0.04980842911877392,1.0,-0.28735632183908044,-0.28735632183908044,0.8157894736842105,-0.10314579552329095,-0.12643678160919536,0.0,0.0,0.0,0.1176,0.5538,4.709183673469388,0.7027,-0.031299999999999994,-0.044542479009534675,1.0,-0.3286,-0.3286,0.8158,-0.14439999999999997,-0.17700416768815885,0.0,0.0,0.0,0.6692333017405574,0.27935632519092224,0.11764705882352941,1.0,0.04341037642036216,0.7418219591964365,0.23706811780637604,0.11764705882352941,1.0,-0.029178281035516895,0.0,0.0,0.0,0.0,0.0,0.6485142857142857,0.2738492190273779,0.1176,1.0,0.022885714285714287,0.7398785714285714,0.23262094679996015,0.1176,1.0,-0.06847857142857139,0.0,0.0,0.0,0.0,0.0,-0.28735632183908044,-0.12643678160919536,-0.3286,-0.17700416768815885,0.27935632519092224,0.23706811780637604,0.2738492190273779,0.23262094679996015
